Cell Name,SITE,LTE_Band,CoSite-Band,cellId,earfcndl,PCI,RachRootSequence,Tac,Latitude,Longitude,Azimuth,Height,Mech. Tilt,LTE Etilt
191004M,191004L,L18,L18,1,1680,15,410,19402,36.20234,5.43678,20,27,4,2
191004N,191004L,L18,L18,2,1680,16,390,19402,36.20234,5.43678,120,27,5,2
191004O,191004L,L18,L18,3,1680,17,400,19402,36.20234,5.43678,230,27,4,2
191005M,191005L,L18,L18+L21,1,1680,186,700,19402,36.188487,5.43664,40,10,,3
191005N,191005L,L18,L18+L21,2,1680,187,710,19402,36.188487,5.43664,140,10,,3
191005O,191005L,L18,L18+L21,3,1680,188,720,19402,36.188487,5.43664,195,10,,3
191005R,191005L,L21,L18+L21,4,150,186,700,19402,36.188487,5.43664,40,10,,0
191005S,191005L,L21,L18+L21,5,150,187,710,19402,36.188487,5.43664,140,10,,0
191005T,191005L,L21,L18+L21,6,150,188,720,19402,36.188487,5.43664,195,10,,0
191007M,191007L,L18,L18+L21,1,1680,165,520,19402,36.19112,5.42955,0,15,0,3
191007N,191007L,L18,L18+L21,2,1680,166,500,19402,36.19112,5.42955,140,15,1,2
191007O,191007L,L18,L18+L21,3,1680,167,510,19402,36.19112,5.42955,240,15,1,2
191007R,191007L,L21,L18+L21,4,150,165,520,19402,36.19112,5.42955,0,15,,0
191007S,191007L,L21,L18+L21,5,150,166,500,19402,36.19112,5.42955,140,15,,0
191007T,191007L,L21,L18+L21,6,150,167,510,19402,36.19112,5.42955,240,15,,0
191009M,191009L,L18,L18+L21,1,1680,177,130,19402,36.19716,5.42234,10,21,1,2
191009N,191009L,L18,L18+L21,2,1680,178,140,19402,36.19716,5.42234,120,21,0,2
191009O,191009L,L18,L18+L21,3,1680,179,150,19402,36.19716,5.42234,260,21,1,2
191009R,191009L,L21,L18+L21,4,150,177,130,19402,36.19716,5.42234,10,21,,0
191009S,191009L,L21,L18+L21,5,150,178,140,19402,36.19716,5.42234,120,21,,0
191009T,191009L,L21,L18+L21,6,150,179,150,19402,36.19716,5.42234,260,21,,0
191010M,191010L,L18,L18+L21,1,1680,189,190,19402,36.18813,5.422438,30,9,0,2
191010N,191010L,L18,L18+L21,2,1680,190,200,19402,36.18813,5.422438,125,9,0,2
191010O,191010L,L18,L18+L21,3,1680,191,210,19402,36.18813,5.422438,230,9,0,2
191010R,191010L,L21,L18+L21,4,150,189,190,19402,36.18813,5.422438,30,9,,0
191010S,191010L,L21,L18+L21,5,150,190,200,19402,36.18813,5.422438,125,9,,0
191010T,191010L,L21,L18+L21,6,150,191,210,19402,36.18813,5.422438,230,9,,0
191011M,191011L,L18,L18+L21,1,1680,489,630,19402,36.1815,5.42245,0,30,0,0
191011N,191011L,L18,L18+L21,2,1680,490,610,19402,36.1815,5.42245,80,30,0,0
191011O,191011L,L18,L18+L21,3,1680,491,620,19402,36.1815,5.42245,200,30,0,4
191011R,191011L,L21,L18+L21,4,150,489,630,19402,36.1815,5.42245,0,30,,0
191011S,191011L,L21,L18+L21,5,150,490,610,19402,36.1815,5.42245,80,30,,0
191011T,191011L,L21,L18+L21,6,150,491,620,19402,36.1815,5.42245,200,30,,0
191013M,191013L,L18,L18+L21,1,1680,84,80,19402,36.165326,5.415054,0,28,0,4
191013N,191013L,L18,L18+L21,2,1680,85,60,19402,36.165326,5.415054,120,28,0,4
191013O,191013L,L18,L18+L21,3,1680,86,70,19402,36.165326,5.415054,240,28,0,4
191013R,191013L,L21,L18+L21,4,150,84,80,19402,36.165326,5.415054,0,28,,0
191013S,191013L,L21,L18+L21,5,150,85,60,19402,36.165326,5.415054,120,28,,0
191013T,191013L,L21,L18+L21,6,150,86,70,19402,36.165326,5.415054,240,28,,0
191014M,191014L,L18,L18+L21,1,1680,6,510,19402,36.195002,5.41005,0,30,0,0
191014N,191014L,L18,L18+L21,2,1680,7,490,19402,36.195002,5.41005,140,30,0,4
191014O,191014L,L18,L18+L21,3,1680,8,500,19402,36.195002,5.41005,200,30,0,0
191014R,191014L,L21,L18+L21,4,150,6,510,19402,36.195002,5.41005,0,30,,0
191014S,191014L,L21,L18+L21,5,150,7,490,19402,36.195002,5.41005,140,30,,0
191014T,191014L,L21,L18+L21,6,150,8,500,19402,36.195002,5.41005,200,30,,0
191015M,191015L,L18,L18,1,1680,180,110,19402,36.18473,5.40297,0,9,1,5
191015N,191015L,L18,L18,2,1680,181,90,19402,36.18473,5.40297,110,9,1,2
191015O,191015L,L18,L18,3,1680,182,100,19402,36.18473,5.40297,220,9,0,5
191016M,191016L,L18,L18,1,1680,429,200,19402,36.20216,5.39708,20,12,0,3
191016N,191016L,L18,L18,2,1680,430,180,19402,36.20216,5.39708,120,12,0,0
191016O,191016L,L18,L18,3,1680,431,190,19402,36.20216,5.39708,240,12,-1,4
191018M,191018L,L18,L18,1,1680,456,160,19405,36.146599,5.70057,0,30,0,0
191018N,191018L,L18,L18,2,1680,457,140,19405,36.146599,5.70057,120,30,0,0
191018O,191018L,L18,L18,3,1680,458,150,19405,36.146599,5.70057,240,30,0,0
19101M,19101L,L18,L18+L21,1,1680,30,370,19402,36.1935552,5.4005832,60,30,0,0
19101N,19101L,L18,L18+L21,2,1680,31,380,19402,36.1935552,5.4005832,120,30,0,0
19101O,19101L,L18,L18+L21,3,1680,32,390,19402,36.1935552,5.4005832,270,30,0,0
19101R,19101L,L21,L18+L21,4,150,30,570,19402,36.1935552,5.4005832,30,30,,
19101S,19101L,L21,L18+L21,5,150,31,580,19402,36.1935552,5.4005832,125,30,,
19101T,19101L,L21,L18+L21,6,150,32,590,19402,36.1935552,5.4005832,230,30,,
191020M,191020L,L18,L18+L21,1,1680,3,440,19405,36.14375,5.69432,30,18,0,2
191020N,191020L,L18,L18+L21,2,1680,4,450,19405,36.14375,5.69432,120,30,0,2
191020O,191020L,L18,L18+L21,3,1680,5,460,19405,36.14375,5.69432,230,30,0,2
191020R,191020L,L21,L18+L21,4,150,3,440,19405,36.14375,5.69432,30,18,,0
191020S,191020L,L21,L18+L21,5,150,4,450,19405,36.14375,5.69432,120,30,,0
191020T,191020L,L21,L18+L21,6,150,5,460,19405,36.14375,5.69432,230,30,,0
191021M,191021L,L18,L18+L21,1,1680,378,520,19405,36.15828,5.68691,0,30,0,2
191021N,191021L,L18,L18+L21,2,1680,379,500,19405,36.15828,5.68691,120,30,0,2
191021O,191021L,L18,L18+L21,3,1680,380,510,19405,36.15828,5.68691,240,30,0,2
191021R,191021L,L21,L18+L21,4,150,378,520,19405,36.15828,5.68691,0,30,,0
191021S,191021L,L21,L18+L21,5,150,379,500,19405,36.15828,5.68691,120,30,,0
191021T,191021L,L21,L18+L21,6,150,380,510,19405,36.15828,5.68691,240,30,,0
191024M,191024L,L18,L18+L21,1,1680,75,550,19405,36.149853,5.680685,0,21,0,4
191024N,191024L,L18,L18+L21,2,1680,76,530,19405,36.149853,5.680685,100,21,1,4
191024O,191024L,L18,L18+L21,3,1680,77,540,19405,36.149853,5.680685,260,21,0,2
191024R,191024L,L21,L18+L21,4,150,75,550,19405,36.149853,5.680685,0,21,,0
191024S,191024L,L21,L18+L21,5,150,76,530,19405,36.149853,5.680685,100,21,,0
191024T,191024L,L21,L18+L21,6,150,77,540,19405,36.149853,5.680685,260,21,,0
191027M,191027L,L18,L18,1,1680,78,740,19405,36.17115,5.65873,50,20,0,0
191027N,191027L,L18,L18,2,1680,79,750,19405,36.17115,5.65873,180,20,0,0
191027O,191027L,L18,L18,3,1680,80,740,19405,36.17115,5.65873,280,20,2,0
191028M,191028L,L18,L18,1,1680,414,590,19405,36.15919,5.65994,20,24,0,0
191028N,191028L,L18,L18,2,1680,415,570,19405,36.15919,5.65994,130,24,0,2
191028O,191028L,L18,L18,3,1680,416,580,19405,36.15919,5.65994,300,24,0,2
191029M,191029L,L18,L18+L21,1,1680,0,470,19402,36.2043,5.4101,0,30,0,7
191029N,191029L,L18,L18+L21,2,1680,1,450,19402,36.2043,5.4101,120,30,0,7
191029O,191029L,L18,L18+L21,3,1680,2,460,19402,36.2043,5.4101,220,30,0,7
191029R,191029L,L21,L18+L21,4,150,0,470,19402,36.2043,5.4101,0,30,,0
191029S,191029L,L21,L18+L21,5,150,1,450,19402,36.2043,5.4101,120,30,,0
191029T,191029L,L21,L18+L21,6,150,2,460,19402,36.2043,5.4101,220,30,,0
19102M,19102L,L18,L18,1,1680,21,790,19404,36.1486,5.69264,0,39,0,0
19102N,19102L,L18,L18,2,1680,22,770,19404,36.1486,5.69264,130,39,0,0
19102O,19102L,L18,L18,3,1680,23,780,19404,36.1486,5.69264,250,39,0,0
191034M,191034L,L18,L18,1,1680,81,400,19402,36.207179,5.409772,0,38,,0
191034N,191034L,L18,L18,2,1680,82,410,19402,36.207179,5.409772,120,38,,0
191034O,191034L,L18,L18,3,1680,83,420,19402,36.207179,5.409772,260,38,,0
191035M,191035L,L18,L18,1,1680,90,121,19403,36.119141,5.36095,0,42,,
191035N,191035L,L18,L18,2,1680,91,131,19403,36.119141,5.36095,120,42,,
191035O,191035L,L18,L18,3,1680,92,141,19403,36.119141,5.36095,240,42,,
191040M,191040L,L18,L18+L21,1,1680,39,240,19403,36.186537,5.311691,5,26,2,2
191040N,191040L,L18,L18+L21,2,1680,40,220,19403,36.186537,5.311691,115,26,2,2
191040O,191040L,L18,L18+L21,3,1680,41,230,19403,36.186537,5.311691,225,26,2,2
191040R,191040L,L21,L18+L21,4,150,39,240,19403,36.186537,5.311691,5,26,,0
191040S,191040L,L21,L18+L21,5,150,40,220,19403,36.186537,5.311691,115,26,,0
191040T,191040L,L21,L18+L21,6,150,41,230,19403,36.186537,5.311691,225,26,,0
191065M,191065L,L18,L18,1,1680,42,580,19402,36.18114,5.41044,0,33,,0
191065N,191065L,L18,L18,2,1680,43,560,19402,36.18114,5.41044,120,33,,0
191065O,191065L,L18,L18,3,1680,44,570,19402,36.18114,5.41044,240,33,,0
19201M,19201L,L18,L18,1,1680,6,0,19405,35.76912,5.62502,130,16,0,2
19201N,19201L,L18,L18,2,1680,7,10,19405,35.76912,5.62502,300,16,0,4
19207M,19207L,L18,L18+L21,1,1680,27,10,19403,36.473389,5.10164,60,22,1,6
19207N,19207L,L18,L18+L21,2,1680,28,20,19403,36.473389,5.10164,210,22,1,7
19207O,19207L,L18,L18+L21,3,1680,29,30,19403,36.473389,5.10164,350,22,1,6
19207R,19207L,L21,L18+L21,4,150,27,10,19403,36.473389,5.10164,60,22,,0
19207S,19207L,L21,L18+L21,5,150,28,20,19403,36.473389,5.10164,210,22,,0
19207T,19207L,L21,L18+L21,6,150,29,30,19403,36.473389,5.10164,350,22,,0
19208M,19208L,L18,L18,1,1680,18,20,19403,35.974445,5.239167,10,38,0,5
19208N,19208L,L18,L18,2,1680,19,0,19403,35.974445,5.239167,100,38,0,4
19208O,19208L,L18,L18,3,1680,20,10,19403,35.974445,5.239167,280,38,0,3
19209M,19209L,L18,L18+L21,1,1680,30,30,19405,35.9376,5.54011,0,35,2,0
19209N,19209L,L18,L18+L21,2,1680,31,10,19405,35.9376,5.54011,120,35,2,0
19209O,19209L,L18,L18+L21,3,1680,32,20,19405,35.9376,5.54011,240,35,2,0
19209R,19209L,L21,L18+L21,4,150,30,30,19405,35.9376,5.54011,0,35,,0
19209S,19209L,L21,L18+L21,5,150,31,10,19405,35.9376,5.54011,120,35,,0
19209T,19209L,L21,L18+L21,6,150,32,20,19405,35.9376,5.54011,240,35,,0
19210M,19210L,L18,L18+L21,1,1680,#N/A,#N/A,19405,35.9548,5.41017,70,40,2,0
19210N,19210L,L18,L18+L21,2,1680,#N/A,#N/A,19405,35.9548,5.41017,240,40,0,0
19210O,19210L,L18,L18+L21,3,1680,#N/A,#N/A,19405,35.9548,5.41017,330,40,2,0
19210R,19210L,L21,L18+L21,4,150,33,40,19405,35.9548,5.41017,70,40,,0
19210S,19210L,L21,L18+L21,5,150,34,50,19405,35.9548,5.41017,240,40,,0
19210T,19210L,L21,L18+L21,6,150,35,60,19405,35.9548,5.41017,330,40,,0
19212M,19212L,L18,L18+L21,1,1680,486,30,19405,35.9345,5.89528,40,31,2,0
19212N,19212L,L18,L18+L21,2,1680,487,10,19405,35.9345,5.89528,130,31,2,0
19212O,19212L,L18,L18+L21,3,1680,488,20,19405,35.9345,5.89528,310,31,2,0
19212R,19212L,L21,L18+L21,4,150,486,220,19405,35.9345,5.89528,40,39,,0
19212S,19212L,L21,L18+L21,5,150,487,230,19405,35.9345,5.89528,130,39,,0
19212T,19212L,L21,L18+L21,6,150,488,240,19405,35.9345,5.89528,310,39,,0
19216M,19216L,L18,L18,1,1680,45,750,19405,36.15322,5.67006,130,25,0,0
19216N,19216L,L18,L18,2,1680,46,760,19405,36.15322,5.67006,210,25,1,0
19216O,19216L,L18,L18,3,1680,47,770,19405,36.15322,5.67006,330,25,0,0
19219M,19219L,L18,L18,1,1680,6,281,19405,35.848888,5.285833,10,25,0,4
19219N,19219L,L18,L18,2,1680,7,295,19405,35.848888,5.285833,120,25,0,4
19219O,19219L,L18,L18,3,1680,8,310,19405,35.848888,5.285833,210,25,0,4
19220M,19220L,L18,L18,1,1680,108,0,19405,36.06011,5.63117,30,29,0,0
19220N,19220L,L18,L18,2,1680,109,10,19405,36.06011,5.63117,130,29,0,0
19220O,19220L,L18,L18,3,1680,110,20,19405,36.06011,5.63117,250,29,0,0
19222M,19222L,L18,L18,1,1680,48,140,19405,36.015888,5.53736,0,80,2,3
19222N,19222L,L18,L18,2,1680,49,120,19405,36.015888,5.53736,130,80,2,3.5
19222O,19222L,L18,L18,3,1680,50,130,19405,36.015888,5.53736,220,80,2,4
19226M,19226L,L18,L18,1,1680,375,420,19403,36.19022,5.31578,0,14,2,3
19226N,19226L,L18,L18,2,1680,376,400,19403,36.19022,5.31578,120,14,0,2
19226O,19226L,L18,L18,3,1680,377,410,19403,36.19022,5.31578,240,14,1,4
19229M,19229L,L18,L18,1,1680,402,0,19403,36.38483,5.40953,90,34,4,0
19229N,19229L,L18,L18,2,1680,403,10,19403,36.38483,5.40953,240,34,4,0
19229O,19229L,L18,L18,3,1680,404,20,19403,36.38483,5.40953,330,34,6,0
19230M,19230L,L18,L18+L21,1,1680,15,0,19403,36.165111,5.203389,50,37,4,0
19230N,19230L,L18,L18+L21,2,1680,16,10,19403,36.165111,5.203389,150,37,4,0
19230O,19230L,L18,L18+L21,3,1680,17,20,19403,36.165111,5.203389,330,37,4,0
19230R,19230L,L21,L18+L21,4,150,15,0,19403,36.165111,5.203389,50,37,,0
19230S,19230L,L21,L18+L21,5,150,16,10,19403,36.165111,5.203389,150,37,,0
19230T,19230L,L21,L18+L21,6,150,17,20,19403,36.165111,5.203389,330,37,,0
19231M,19231L,L18,L18,1,1680,468,60,19405,35.8905,5.66608,0,38,0,0
19231N,19231L,L18,L18,2,1680,469,40,19405,35.8905,5.66608,120,38,2,0
19231O,19231L,L18,L18,3,1680,470,50,19405,35.8905,5.66608,240,38,0,0
19234M,19234L,L18,L18,1,1680,3,20,19403,36.104725,5.338333,320,38,3,4
19234N,19234L,L18,L18,2,1680,4,0,19403,36.104725,5.338333,180,38,1,6
19234O,19234L,L18,L18,3,1680,5,10,19403,36.104725,5.338333,220,38,1,2
19237M,19237L,L18,L18+L21,1,1680,45,10,19403,36.30661,5.28986,50,40,0,2
19237N,19237L,L18,L18+L21,2,1680,46,20,19403,36.30661,5.28986,140,40,0,2
19237O,19237L,L18,L18+L21,3,1680,47,30,19403,36.30661,5.28986,300,40,0,4
19237R,19237L,L21,L18+L21,4,150,45,10,19403,36.30661,5.28986,50,40,,0
19237S,19237L,L21,L18+L21,5,150,46,20,19403,36.30661,5.28986,140,40,,0
19237T,19237L,L21,L18+L21,6,150,47,30,19403,36.30661,5.28986,300,40,,0
19238M,19238L,L18,L18+L21,1,1680,30,100,19403,36.2837,5.41047,90,38,,0
19238N,19238L,L18,L18+L21,2,1680,31,110,19403,36.2837,5.41047,210,38,,0
19238O,19238L,L18,L18+L21,3,1680,32,120,19403,36.2837,5.41047,350,38,,0
19238R,19238L,L21,L18+L21,4,150,30,100,19403,36.2837,5.41047,90,38,,0
19238S,19238L,L21,L18+L21,5,150,31,110,19403,36.2837,5.41047,210,38,,0
19238T,19238L,L21,L18+L21,6,150,32,120,19403,36.2837,5.41047,350,38,,0
19241M,19241L,L18,L18+L21,1,1680,63,50,19403,36.35405,5.50955,0,24,0,0
19241N,19241L,L18,L18+L21,2,1680,64,30,19403,36.35405,5.50955,90,24,0,2
19241O,19241L,L18,L18+L21,3,1680,65,40,19403,36.35405,5.50955,240,24,0,2
19241R,19241L,L21,L18+L21,4,150,63,50,19403,36.35405,5.50955,0,24,,0
19241S,19241L,L21,L18+L21,5,150,64,30,19403,36.35405,5.50955,90,24,,0
19241T,19241L,L21,L18+L21,6,150,65,40,19403,36.35405,5.50955,240,24,,0
19243M,19243L,L18,L18,1,1680,141,0,19403,36.332809,5.17647,80,38,2,0
19243N,19243L,L18,L18,2,1680,142,10,19403,36.332809,5.17647,330,38,4,0
19244M,19244L,L18,L18+L21,1,1680,237,30,19402,36.19703,5.43231,80,20,0,2
19244N,19244L,L18,L18+L21,2,1680,238,40,19402,36.19703,5.43231,200,20,0,4
19244O,19244L,L18,L18+L21,3,1680,239,50,19402,36.19703,5.43231,320,20,2,0
19244R,19244L,L21,L18+L21,4,150,237,30,19402,36.19703,5.43231,80,20,,0
19244S,19244L,L21,L18+L21,5,150,238,40,19402,36.19703,5.43231,200,20,,0
19244T,19244L,L21,L18+L21,6,150,239,50,19402,36.19703,5.43231,320,20,,0
19246M,19246L,L18,L18,1,1680,159,12,19402,36.183334,5.406944,60,25,3,3
19246N,19246L,L18,L18,2,1680,160,22,19402,36.183334,5.406944,180,25,0,6
19246O,19246L,L18,L18,3,1680,161,32,19402,36.183334,5.406944,300,25,0,6
19248M,19248L,L18,L18+L21,1,1680,9,0,19402,36.207301,5.371146,30,40,-6,6
19248N,19248L,L18,L18+L21,2,1680,10,10,19402,36.207301,5.371146,110,40,-6,6
19248O,19248L,L18,L18+L21,3,1680,11,20,19402,36.207301,5.371146,210,40,0,6
19248R,19248L,L21,L18+L21,4,150,9,0,19402,36.207301,5.371146,30,40,,0
19248S,19248L,L21,L18+L21,5,150,10,10,19402,36.207301,5.371146,110,40,,0
19248T,19248L,L21,L18+L21,6,150,11,20,19402,36.207301,5.371146,210,40,,0
19250M,19250L,L18,L18+L21,1,1680,60,30,19403,36.43425,5.35611,100,27,6,4
19250N,19250L,L18,L18+L21,2,1680,61,40,19403,36.43425,5.35611,160,27,5,2
19250O,19250L,L18,L18+L21,3,1680,62,50,19403,36.43425,5.35611,240,27,6,2
19250R,19250L,L21,L18+L21,4,150,60,30,19403,36.43425,5.35611,100,27,,0
19250S,19250L,L21,L18+L21,5,150,61,40,19403,36.43425,5.35611,160,27,,0
19250T,19250L,L21,L18+L21,6,150,62,50,19403,36.43425,5.35611,240,27,,0
19254M,19254L,L18,L18,1,1680,12,80,19403,36.42663,5.09831,0,40,,0
19254N,19254L,L18,L18,2,1680,13,60,19403,36.42663,5.09831,180,40,,0
19254O,19254L,L18,L18,3,1680,14,70,19403,36.42663,5.09831,270,40,,0
193008M,193008L,L18,L18+L21,1,1680,471,290,19402,36.200899,5.422556,0,19,0,0
193008N,193008L,L18,L18+L21,2,1680,472,270,19402,36.200899,5.422556,100,19,0,0
193008O,193008L,L18,L18+L21,3,1680,473,280,19402,36.200899,5.422556,300,19,0,0
193008R,193008L,L21,L18+L21,4,150,471,290,19402,36.200899,5.422556,0,19,,0
193008S,193008L,L21,L18+L21,5,150,472,270,19402,36.200899,5.422556,100,19,,0
193008T,193008L,L21,L18+L21,6,150,473,280,19402,36.200899,5.422556,300,19,,0
19302M,19302L,L18,L18+L21,1,1680,480,100,19402,36.19176,5.43556,70,20,2,2
19302N,19302L,L18,L18+L21,2,1680,481,110,19402,36.19176,5.43556,180,20,2,2
19302O,19302L,L18,L18+L21,3,1680,482,828,19402,36.19176,5.43556,290,20,2,4
19302R,19302L,L21,L18+L21,4,150,480,100,19405,36.19176,5.43556,70,20,,0
19302S,19302L,L21,L18+L21,5,150,481,110,19405,36.19176,5.43556,180,20,,0
19302T,19302L,L21,L18+L21,6,150,482,828,19405,36.19176,5.43556,290,20,,0
19303M,19303L,L18,L18+L21,1,1680,33,630,19402,36.47886,5.66722,110,23,2,4
19303N,19303L,L18,L18+L21,2,1680,34,640,19402,36.47886,5.66722,220,23,2,4
19303O,19303L,L18,L18+L21,3,1680,35,222,19402,36.47886,5.66722,350,23,2,4
19303R,19303L,L21,L18+L21,4,150,33,630,19402,36.47886,5.66722,110,23,,0
19303S,19303L,L21,L18+L21,5,150,34,650,19402,36.47886,5.66722,220,23,,0
19303T,19303L,L21,L18+L21,6,150,35,222,19402,36.47886,5.66722,350,23,,0
19306M,19306L,L18,L18,1,1680,57,530,19402,36.186755,5.427762,80,21,0,4
19306N,19306L,L18,L18,2,1680,58,540,19402,36.186755,5.427762,200,21,0,4
19306O,19306L,L18,L18,3,1680,59,705,19402,36.186755,5.427762,310,21,0,4
19307R,19307L,L21,L21,4,150,111,10,19405,36.12774,5.84329,90,39,,0
19307S,19307L,L21,L21,5,150,112,30,19405,36.12774,5.84329,180,39,,0
19307T,19307L,L21,L21,6,150,113,32,19405,36.12774,5.84329,300,39,,0
19311M,19311L,L18,L18+L21,1,1680,396,620,19402,36.2043,5.42376,70,22,0,3
19311N,19311L,L18,L18+L21,2,1680,397,630,19402,36.2043,5.42376,230,22,0,4
19311O,19311L,L18,L18+L21,3,1680,398,640,19402,36.2043,5.42376,330,22,0,0
19311R,19311L,L21,L18+L21,4,150,396,620,19402,36.2043,5.42376,70,22,,0
19311S,19311L,L21,L18+L21,5,150,397,630,19402,36.2043,5.42376,230,22,,0
19311T,19311L,L21,L18+L21,6,150,398,640,19402,36.2043,5.42376,330,22,,0
19314M,19314L,L18,L18+L21,1,1680,51,20,19402,36.17739,5.41746,20,29,0,0
19314N,19314L,L18,L18+L21,2,1680,52,0,19402,36.17739,5.41746,160,20,0,5
19314O,19314L,L18,L18+L21,3,1680,53,10,19402,36.17739,5.41746,280,20,0,2
19314R,19314L,L21,L18+L21,4,150,51,20,19402,36.17739,5.41746,20,18,,0
19314S,19314L,L21,L18+L21,5,150,52,0,19402,36.17739,5.41746,160,20,,0
19314T,19314L,L21,L18+L21,6,150,53,10,19402,36.17739,5.41746,280,20,,0
19319M,19319L,L18,L18+L21,1,1680,117,30,19403,36.329398,5.10713,40,22,0,4
19319N,19319L,L18,L18+L21,2,1680,118,40,19403,36.329398,5.10713,130,22,0,0
19319O,19319L,L18,L18+L21,3,1680,119,50,19403,36.329398,5.10713,300,22,0,2
19319R,19319L,L21,L18+L21,4,150,117,30,19403,36.329398,5.10713,40,22,,0
19319S,19319L,L21,L18+L21,5,150,118,40,19403,36.329398,5.10713,130,22,,0
19319T,19319L,L21,L18+L21,6,150,119,50,19403,36.329398,5.10713,300,22,,0
19320M,19320L,L18,L18+L21,1,1680,111,300,19403,36.26434,5.34421,100,18,0,4
19320N,19320L,L18,L18+L21,2,1680,112,310,19403,36.26434,5.34421,180,18,0,2
19320O,19320L,L18,L18+L21,3,1680,113,320,19403,36.26434,5.34421,340,18,0,0
19320R,19320L,L21,L18+L21,4,150,111,300,19403,36.26434,5.34421,100,18,,0
19320S,19320L,L21,L18+L21,5,150,112,310,19403,36.26434,5.34421,180,18,,0
19320T,19320L,L21,L18+L21,6,150,113,320,19403,36.26434,5.34421,340,18,,0
19322M,19322L,L18,L18+L21,1,1680,294,50,19402,36.208832,5.68721,0,19,0,2
19322N,19322L,L18,L18+L21,2,1680,295,30,19402,36.208832,5.68721,120,19,0,3
19322O,19322L,L18,L18+L21,3,1680,296,40,19402,36.208832,5.68721,240,19,0,3
19322R,19322L,L21,L18+L21,4,150,294,50,19402,36.208832,5.68721,0,19,,0
19322S,19322L,L21,L18+L21,5,150,295,30,19402,36.208832,5.68721,120,19,,0
19322T,19322L,L21,L18+L21,6,150,296,40,19402,36.208832,5.68721,240,19,,0
19324M,19324L,L18,L18+L21,1,1680,21,90,19403,35.973304,5.292749,0,15,,0
19324N,19324L,L18,L18+L21,2,1680,22,70,19403,35.973304,5.292749,120,15,,0
19324O,19324L,L18,L18+L21,3,1680,23,80,19403,35.973304,5.292749,250,15,,0
19324R,19324L,L21,L18+L21,4,150,21,90,19403,35.973304,5.292749,0,15,,0
19324S,19324L,L21,L18+L21,5,150,22,70,19403,35.973304,5.292749,120,15,,0
19324T,19324L,L21,L18+L21,6,150,23,80,19403,35.973304,5.292749,250,15,,0
19325M,19325L,L18,L18+L21,1,1680,285,30,19402,36.463636,5.648622,10,19,0,0
19325N,19325L,L18,L18+L21,2,1680,286,10,19402,36.463636,5.648622,100,19,0,2
19325O,19325L,L18,L18+L21,3,1680,287,20,19402,36.463636,5.648622,190,19,0,2
19325R,19325L,L21,L18+L21,4,150,285,30,19402,36.463636,5.648622,10,19,,0
19325S,19325L,L21,L18+L21,5,150,286,10,19402,36.463636,5.648622,100,19,,0
19325T,19325L,L21,L18+L21,6,150,287,20,19402,36.463636,5.648622,190,19,,0
19326M,19326L,L18,L18+L21,1,1680,165,440,19405,35.810842,5.264893,20,22,0,2
19326N,19326L,L18,L18+L21,2,1680,166,450,19405,35.810842,5.264893,140,22,0,2
19326O,19326L,L18,L18+L21,3,1680,167,460,19405,35.810842,5.264893,210,22,0,2
19326R,19326L,L21,L18+L21,4,150,165,440,19405,35.810842,5.264893,20,22,,0
19326S,19326L,L21,L18+L21,5,150,166,450,19405,35.810842,5.264893,140,22,,0
19326T,19326L,L21,L18+L21,6,150,167,460,19405,35.810842,5.264893,210,22,,0
19327M,19327L,L18,L18,1,1680,165,440,19405,36.1543,5.699709,100,9,0,0
19327N,19327L,L18,L18,2,1680,166,450,19405,36.1543,5.699709,220,9,0,0
19327O,19327L,L18,L18,3,1680,167,460,19405,36.1543,5.699709,340,9,0,0
19329M,19329L,L18,L18,1,1680,30,90,19403,36.285715,5.127937,30,29,,0
19329N,19329L,L18,L18,2,1680,31,100,19403,36.285715,5.127937,180,29,,0
19330M,19330L,L18,L18,1,1680,102,730,19402,36.185861,5.444369,80,39,0,2
19330N,19330L,L18,L18,2,1680,103,740,19402,36.185861,5.444369,220,39,0,2
19330O,19330L,L18,L18,3,1680,104,750,19402,36.185861,5.444369,330,39,0,2
19335M,19335L,L18,L18,1,1680,198,260,19402,36.15495,5.4294,0,13,0,2
19335N,19335L,L18,L18,2,1680,199,240,19402,36.15495,5.4294,80,13,0,2
19335O,19335L,L18,L18,3,1680,200,250,19402,36.15495,5.4294,260,13,0,2
19500R,19500L,L21,L21,4,150,60,20,19405,35.87963,5.28055,20,17,,0
19500S,19500L,L21,L21,5,150,61,0,19405,35.87963,5.28055,150,17,,0
19500T,19500L,L21,L21,6,150,326,10,19405,35.87963,5.28055,250,17,,0
19502M,19502L,L18,L18+L21,1,1680,270,720,19403,36.17061,5.32603,10,17,0,2
19502N,19502L,L18,L18+L21,2,1680,271,700,19403,36.17061,5.32603,140,17,0,5
19502O,19502L,L18,L18+L21,3,1680,272,710,19403,36.17061,5.32603,280,17,0,6
19502R,19502L,L21,L18+L21,4,150,270,720,19403,36.17061,5.32603,10,17,,0
19502S,19502L,L21,L18+L21,5,150,271,700,19403,36.17061,5.32603,140,17,,0
19502T,19502L,L21,L18+L21,6,150,272,710,19403,36.17061,5.32603,280,17,,0
19503M,19503L,L18,L18+L21,1,1680,189,480,19403,36.36683,5.490278,0,23,0,2
19503N,19503L,L18,L18+L21,2,1680,190,460,19403,36.36683,5.490278,90,23,2,4
19503O,19503L,L18,L18+L21,3,1680,191,470,19403,36.36683,5.490278,290,23,0,2
19503R,19503L,L21,L18+L21,4,150,189,480,19403,36.36683,5.490278,0,23,,0
19503S,19503L,L21,L18+L21,5,150,190,460,19403,36.36683,5.490278,90,23,,0
19503T,19503L,L21,L18+L21,6,150,191,470,19403,36.36683,5.490278,290,23,,0
19504R,19504L,L21,L21,4,150,309,320,19405,36.124386,5.900266,80,30,,0
19504S,19504L,L21,L21,5,150,310,330,19405,36.124386,5.900266,180,30,,0
19504T,19504L,L21,L21,6,150,311,340,19405,36.124386,5.900266,280,30,,0
19505M,19505L,L18,L18,1,1680,69,40,19402,36.20097,5.368601,0,27,0,0
19505N,19505L,L18,L18,2,1680,70,20,19402,36.20097,5.368601,120,27,0,2
19505O,19505L,L18,L18,3,1680,71,30,19402,36.20097,5.368601,240,27,0,2
19507M,19507L,L18,L18+L21,1,1680,423,800,19405,36.15665,5.71032,70,21,0,0
19507N,19507L,L18,L18+L21,2,1680,424,810,19405,36.15665,5.71032,150,21,1,2
19507O,19507L,L18,L18+L21,3,1680,425,820,19405,36.15665,5.71032,330,21,0,6
19507R,19507L,L21,L18+L21,4,150,423,800,19405,36.15665,5.71032,70,21,,0
19507S,19507L,L21,L18+L21,5,150,424,810,19405,36.15665,5.71032,150,21,,0
19507T,19507L,L21,L18+L21,6,150,425,820,19405,36.15665,5.71032,330,21,,0
19508M,19508L,L18,L18,1,1680,12,320,19404,36.16591,5.71085,80,22,1,3
19508N,19508L,L18,L18,2,1680,13,330,19404,36.16591,5.71085,190,22,1,3
19508O,19508L,L18,L18,3,1680,14,340,19404,36.16591,5.71085,290,22,0,3
19509M,19509L,L18,L18,1,1680,21,540,19403,36.192153,5.323289,20,21,-1,0
19509N,19509L,L18,L18,2,1680,22,520,19403,36.192153,5.323289,120,21,0,0
19509O,19509L,L18,L18,3,1680,23,530,19403,36.192153,5.323289,260,21,-1,0
19510M,19510L,L18,L18,1,1680,114,460,19402,36.1495,5.44385,140,30,1,4
19510N,19510L,L18,L18,2,1680,115,470,19402,36.1495,5.44385,240,30,1,3
19510O,19510L,L18,L18,3,1680,116,480,19402,36.1495,5.44385,340,30,1,3
19511M,19511L,L18,L18,1,1680,12,300,19403,35.91417,5.30273,60,22,0,4
19511N,19511L,L18,L18,2,1680,13,310,19403,35.91417,5.30273,180,22,1,4
19511O,19511L,L18,L18,3,1680,14,320,19403,35.91417,5.30273,320,22,0,4
19512M,19512L,L18,L18+L21,1,1680,12,150,19405,35.82248,5.521,0,20,,0
19512N,19512L,L18,L18+L21,2,1680,13,130,19405,35.82248,5.521,120,20,,0
19512O,19512L,L18,L18+L21,3,1680,14,140,19405,35.82248,5.521,240,20,,0
19512R,19512L,L21,L18+L21,4,150,12,150,19405,35.82248,5.521,0,20,,0
19512S,19512L,L21,L18+L21,5,150,13,130,19405,35.82248,5.521,120,20,,0
19512T,19512L,L21,L18+L21,6,150,14,140,19405,35.82248,5.521,240,20,,0
19517M,19517L,L18,L18+L21,1,1680,30,60,19405,35.85783,5.29044,0,22,0,2
19517N,19517L,L18,L18+L21,2,1680,31,40,19405,35.85783,5.29044,100,22,1,2
19517O,19517L,L18,L18+L21,3,1680,32,50,19405,35.85783,5.29044,240,22,0,2
19517R,19517L,L21,L18+L21,4,150,30,60,19405,35.85783,5.29044,0,22,,0
19517S,19517L,L21,L18+L21,5,150,31,40,19405,35.85783,5.29044,100,22,,0
19517T,19517L,L21,L18+L21,6,150,32,50,19405,35.85783,5.29044,240,22,,0
19518M,19518L,L18,L18+L21,1,1680,39,160,19405,35.963167,5.43155,50,20,0,2
19518N,19518L,L18,L18+L21,2,1680,40,170,19405,35.963167,5.43155,180,20,0,2
19518O,19518L,L18,L18+L21,3,1680,41,180,19405,35.963167,5.43155,310,20,0,2
19518R,19518L,L21,L18+L21,4,150,39,160,19405,35.963167,5.43155,50,20,,0
19518S,19518L,L21,L18+L21,5,150,40,170,19405,35.963167,5.43155,180,20,,0
19518T,19518L,L21,L18+L21,6,150,41,180,19405,35.963167,5.43155,310,20,,0
19519M,19519L,L18,L18+L21,1,1680,192,570,19402,36.21066,5.44906,0,38,2,2
19519N,19519L,L18,L18+L21,2,1680,193,580,19402,36.21066,5.44906,120,38,2,2
19519O,19519L,L18,L18+L21,3,1680,194,590,19402,36.21066,5.44906,240,38,2,2
19519R,19519L,L21,L18+L21,4,150,192,570,19402,36.21066,5.44906,0,38,,0
19519S,19519L,L21,L18+L21,5,150,193,580,19402,36.21066,5.44906,120,38,,0
19519T,19519L,L21,L18+L21,6,150,194,590,19402,36.21066,5.44906,240,38,,0
19522M,19522L,L18,L18,1,1680,33,70,19405,35.8954,5.6621,60,22,1,0
19522N,19522L,L18,L18,2,1680,34,80,19405,35.8954,5.6621,200,22,1,2
19522O,19522L,L18,L18,3,1680,35,90,19405,35.8954,5.6621,300,22,1,0
19527M,19527L,L18,L18+L21,1,1680,156,110,19403,36.33944,5.09176,40,23,,0
19527N,19527L,L18,L18+L21,2,1680,157,120,19403,36.33944,5.09176,120,23,,0
19527O,19527L,L18,L18+L21,3,1680,158,130,19403,36.33944,5.09176,260,23,,0
19527R,19527L,L21,L18+L21,4,150,156,110,19403,36.33944,5.09176,40,23,,0
19527S,19527L,L21,L18+L21,5,150,157,120,19403,36.33944,5.09176,120,23,,0
19527T,19527L,L21,L18+L21,6,150,158,130,19403,36.33944,5.09176,260,23,,0
19529M,19529L,L18,L18+L21,1,1680,216,660,19402,36.19402,5.43299,0,28,0,0
19529N,19529L,L18,L18+L21,2,1680,217,670,19402,36.19402,5.43299,120,28,0,4
19529O,19529L,L18,L18+L21,3,1680,218,680,19402,36.19402,5.43299,240,28,0,4
19529R,19529L,L21,L18+L21,4,150,216,660,19402,36.19402,5.43299,0,28,,0
19529S,19529L,L21,L18+L21,5,150,217,670,19402,36.19402,5.43299,120,28,,0
19529T,19529L,L21,L18+L21,6,150,218,680,19402,36.19402,5.43299,240,28,,0
19533R,19533L,L21,L21,4,150,372,300,19405,35.935619,5.54656,100,21,,0
19533S,19533L,L21,L21,5,150,373,310,19405,35.935619,5.54656,230,21,,0
19533T,19533L,L21,L21,6,150,374,320,19405,35.935619,5.54656,340,21,,0
19535M,19535L,L18,L18+L21,1,1680,129,140,19403,36.33308,5.11287,60,35,,0
19535N,19535L,L18,L18+L21,2,1680,130,150,19403,36.33308,5.11287,180,35,,0
19535O,19535L,L18,L18+L21,3,1680,131,160,19403,36.33308,5.11287,275,35,,0
19535R,19535L,L21,L18+L21,4,150,129,140,19403,36.33308,5.11287,60,35,,0
19535S,19535L,L21,L18+L21,5,150,130,150,19403,36.33308,5.11287,180,35,,0
19535T,19535L,L21,L18+L21,6,150,131,160,19403,36.33308,5.11287,275,35,,0
19538M,19538L,L18,L18+L21,1,1680,183,0,19402,36.3153,5.7433,30,25,0,3
19538N,19538L,L18,L18+L21,2,1680,184,10,19402,36.3153,5.7433,160,25,0,0
19538O,19538L,L18,L18+L21,3,1680,185,20,19402,36.3153,5.7433,260,25,0,2
19538R,19538L,L21,L18+L21,4,150,183,0,19402,36.3153,5.7433,30,25,,0
19538S,19538L,L21,L18+L21,5,150,184,10,19402,36.3153,5.7433,160,25,,0
19538T,19538L,L21,L18+L21,6,150,185,20,19402,36.3153,5.7433,260,25,,0
19539M,19539L,L18,L18,1,1680,117,490,19402,36.20919,5.427,0,16,0,0
19539N,19539L,L18,L18,2,1680,118,470,19402,36.20919,5.427,120,16,0,0
19539O,19539L,L18,L18,3,1680,119,480,19402,36.20919,5.427,240,16,0,4
19544M,19544L,L18,L18,1,1680,12,180,19405,35.97998,5.80667,0,20,0,2
19544N,19544L,L18,L18,2,1680,13,160,19405,35.97998,5.80667,120,20,0,4
19544O,19544L,L18,L18,3,1680,14,170,19405,35.97998,5.80667,240,20,0,2
19545M,19545L,L18,L18,1,1680,459,100,19405,35.97486,5.80589,60,9,0,2
19545N,19545L,L18,L18,2,1680,460,110,19405,35.97486,5.80589,180,9,0,2
19545O,19545L,L18,L18,3,1680,461,120,19405,35.97486,5.80589,290,9,0,2
19548M,19548L,L18,L18,1,1680,63,110,19403,36.21748,5.28246,160,38,0,2
19548N,19548L,L18,L18,2,1680,64,120,19403,36.21748,5.28246,260,40,0,4
19548O,19548L,L18,L18,3,1680,65,130,19403,36.21748,5.28246,350,38,0,2
19552M,19552L,L18,L18,1,1680,39,110,19403,36.3646,5.3204,0,25,2,6
19552N,19552L,L18,L18,2,1680,40,90,19403,36.3646,5.3204,110,25,3,2
19552O,19552L,L18,L18,3,1680,41,100,19403,36.3646,5.3204,220,25,0,5
19554M,19554L,L18,L18+L21,1,1680,183,480,19403,36.146862,5.323609,20,23,0,4
19554N,19554L,L18,L18+L21,2,1680,184,460,19403,36.146862,5.323609,100,23,0,6
19554O,19554L,L18,L18+L21,3,1680,185,470,19403,36.146862,5.323609,220,23,0,3
19554R,19554L,L21,L18+L21,4,150,183,480,19403,36.146862,5.323609,20,23,,0
19554S,19554L,L21,L18+L21,5,150,184,460,19403,36.146862,5.323609,100,23,,0
19554T,19554L,L21,L18+L21,6,150,185,470,19403,36.146862,5.323609,220,23,,0
19557R,19557L,L21,L21,4,150,48,210,19403,36.253911,5.266038,0,18,,0
19557S,19557L,L21,L21,5,150,49,220,19403,36.253911,5.266038,120,18,,0
19557T,19557L,L21,L21,6,150,50,230,19403,36.253911,5.266038,270,18,,0
19558M,19558L,L18,L18+L21,1,1680,3,170,19403,35.926479,5.28932,10,21,0,2
19558N,19558L,L18,L18+L21,2,1680,4,150,19403,35.926479,5.28932,140,21,0,2
19558O,19558L,L18,L18+L21,3,1680,5,160,19403,35.926479,5.28932,270,21,0,0
19558R,19558L,L21,L18+L21,4,150,3,170,19403,35.926479,5.28932,10,21,,0
19558S,19558L,L21,L18+L21,5,150,4,150,19403,35.926479,5.28932,140,21,,0
19558T,19558L,L21,L18+L21,6,150,5,160,19403,35.926479,5.28932,270,21,,0
19559M,19559L,L18,L18+L21,1,1680,114,110,19403,36.366162,5.515889,10,23,0,4
19559N,19559L,L18,L18+L21,2,1680,115,90,19403,36.366162,5.515889,170,23,0,0
19559O,19559L,L18,L18+L21,3,1680,116,100,19403,36.366162,5.515889,280,23,0,2
19559R,19559L,L21,L18+L21,4,150,114,110,19403,36.366162,5.515889,10,23,,0
19559S,19559L,L21,L18+L21,5,150,115,90,19403,36.366162,5.515889,170,23,,0
19559T,19559L,L21,L18+L21,6,150,116,100,19403,36.366162,5.515889,280,23,,0
19566M,19566L,L18,L18,1,1680,#N/A,#N/A,19402,36.15493,5.4295,0,25,1,3
19566N,19566L,L18,L18,2,1680,#N/A,#N/A,19402,36.15493,5.4295,120,25,0,3
19566O,19566L,L18,L18,3,1680,#N/A,#N/A,19402,36.15493,5.4295,240,25,2,5
19573M,19573L,L18,L18,1,1680,24,700,19405,36.13437,5.69952,0,20,0,2
19573N,19573L,L18,L18,2,1680,25,710,19405,36.13437,5.69952,140,20,0,2
19573O,19573L,L18,L18,3,1680,26,720,19405,36.13437,5.69952,250,20,0,2
19574M,19574L,L18,L18+L21,1,1680,33,110,19405,36.15115,5.71465,120,31,0,2
19574N,19574L,L18,L18+L21,2,1680,34,90,19405,36.15115,5.71465,210,31,1,5
19574O,19574L,L18,L18+L21,3,1680,35,100,19405,36.15115,5.71465,310,31,1,3
19574R,19574L,L21,L18+L21,4,150,33,560,19405,36.15115,5.71465,120,31,,0
19574S,19574L,L21,L18+L21,5,150,34,570,19405,36.15115,5.71465,210,31,,0
19574T,19574L,L21,L18+L21,6,150,35,580,19405,36.15115,5.71465,310,31,,0
19577M,19577L,L18,L18,1,1680,39,250,19403,36.34313,5.48853,60,34,0,2
19577N,19577L,L18,L18,2,1680,40,260,19403,36.34313,5.48853,210,34,0,2
19577O,19577L,L18,L18,3,1680,41,270,19403,36.34313,5.48853,310,34,0,2
19578M,19578L,L18,L18,1,1680,60,120,19403,36.35387,5.51715,60,24,0,2
19578N,19578L,L18,L18,2,1680,61,130,19403,36.35387,5.51715,200,24,0,6
19578O,19578L,L18,L18,3,1680,62,140,19403,36.35387,5.51715,300,24,0,6
19579M,19579L,L18,L18,1,1680,78,780,19402,36.20942,5.414846,0,28,0,6
19579N,19579L,L18,L18,2,1680,79,760,19402,36.20942,5.414846,120,28,0,4
19579O,19579L,L18,L18,3,1680,80,770,19402,36.20942,5.414846,240,28,0,6
19581M,19581L,L18,L18,1,1680,60,150,19405,36.026451,5.59644,60,39,0,2
19581N,19581L,L18,L18,2,1680,61,160,19405,36.026451,5.59644,180,39,0,2
19581O,19581L,L18,L18,3,1680,62,170,19405,36.026451,5.59644,300,39,0,2
19582M,19582L,L18,L18,1,1680,39,150,19403,36.43793,4.99742,50,34,0,0
19582N,19582L,L18,L18,2,1680,40,160,19403,36.43793,4.99742,210,34,0,4
19582O,19582L,L18,L18,3,1680,41,170,19403,36.43793,4.99742,320,34,0,6
19584M,19584L,L18,L18,1,1680,12,20,19405,36.131363,5.835318,20,37,0,0
19584N,19584L,L18,L18,2,1680,13,0,19405,36.131363,5.835318,150,37,0,2
19584O,19584L,L18,L18,3,1680,14,10,19405,36.131363,5.835318,250,37,0,2
19586M,19586L,L18,L18,1,1680,9,740,19405,36.09593,5.72019,70,35,0,0
19586N,19586L,L18,L18,2,1680,10,750,19405,36.09593,5.72019,250,35,0,2
19586O,19586L,L18,L18,3,1680,11,760,19405,36.09593,5.72019,340,35,0,2
19592M,19592L,L18,L18,1,1680,15,11,19405,36.18391,5.6816,0,38,0,2
19592N,19592L,L18,L18,2,1680,16,21,19405,36.18391,5.6816,100,38,0,0
19592O,19592L,L18,L18,3,1680,17,31,19405,36.18391,5.6816,270,38,0,2
19601M,19601L,L18,L18+L21,1,1680,66,640,19402,36.199639,5.39,80,26,1,2
19601N,19601L,L18,L18+L21,2,1680,67,650,19402,36.199639,5.39,180,26,0,7
19601O,19601L,L18,L18+L21,3,1680,68,660,19402,36.199639,5.39,320,26,0,6
19601R,19601L,L21,L18+L21,4,150,66,640,19402,36.199639,5.39,80,26,,0
19601S,19601L,L21,L18+L21,5,150,67,650,19402,36.199639,5.39,180,26,,0
19601T,19601L,L21,L18+L21,6,150,68,660,19402,36.199639,5.39,320,26,,0
19602M,19602L,L18,L18,1,1680,129,810,19402,36.20299,5.40482,20,18,0,6
19602N,19602L,L18,L18,2,1680,130,790,19402,36.20299,5.40482,180,18,0,6
19602O,19602L,L18,L18,3,1680,131,800,19402,36.20299,5.40482,270,18,1,2
19603M,19603L,L18,L18+L21,1,1680,54,590,19402,36.18849,5.39259,80,25,0,2
19603N,19603L,L18,L18+L21,2,1680,55,600,19402,36.18849,5.39259,180,25,0,5
19603O,19603L,L18,L18+L21,3,1680,56,610,19402,36.18849,5.39259,290,25,0,5
19603R,19603L,L21,L18+L21,4,150,54,590,19402,36.18849,5.39259,80,25,,0
19603S,19603L,L21,L18+L21,5,150,55,600,19402,36.18849,5.39259,180,25,,0
19603T,19603L,L21,L18+L21,6,150,56,610,19402,36.18849,5.39259,290,25,,0
19604M,19604L,L18,L18,1,1680,75,30,19402,36.18961,5.41156,60,23,0,0
19604N,19604L,L18,L18,2,1680,76,40,19402,36.18961,5.41156,180,23,0,0
19604O,19604L,L18,L18,3,1680,77,50,19402,36.18961,5.41156,300,23,0,0
19606M,19606L,L18,L18+L21,1,1680,99,680,19402,36.19109,5.42174,70,25,1,2
19606N,19606L,L18,L18+L21,2,1680,100,690,19402,36.19109,5.42174,200,25,0,6
19606O,19606L,L18,L18+L21,3,1680,101,700,19402,36.19109,5.42174,340,25,0,2
19606R,19606L,L21,L18+L21,4,150,99,680,19402,36.19109,5.42174,70,25,,0
19606S,19606L,L21,L18+L21,5,150,100,690,19402,36.19109,5.42174,200,25,,0
19606T,19606L,L21,L18+L21,6,150,101,700,19402,36.19109,5.42174,340,25,,0
19609M,19609L,L18,L18,1,1680,108,550,19402,36.2266,5.39331,30,20,0,2
19609N,19609L,L18,L18,2,1680,109,560,19402,36.2266,5.39331,150,20,0,2
19609O,19609L,L18,L18,3,1680,110,570,19402,36.2266,5.39331,250,20,0,0
19610M,19610L,L18,L18+L21,1,1680,6,30,19405,36.0625,5.95347,40,28,0,0
19610N,19610L,L18,L18+L21,2,1680,7,40,19405,36.0625,5.95347,160,28,0,0
19610O,19610L,L18,L18+L21,3,1680,8,50,19405,36.0625,5.95347,280,28,0,0
19610R,19610L,L21,L18+L21,4,150,6,30,19405,36.0625,5.95347,40,28,,0
19610S,19610L,L21,L18+L21,5,150,7,40,19405,36.0625,5.95347,160,28,,0
19610T,19610L,L21,L18+L21,6,150,8,50,19405,36.0625,5.95347,280,28,,0
19611M,19611L,L18,L18+L21,1,1680,18,90,19402,36.202496,5.853791,130,20,0,0
19611N,19611L,L18,L18+L21,2,1680,19,100,19402,36.202496,5.853791,240,20,0,0
19611O,19611L,L18,L18+L21,3,1680,20,110,19402,36.202496,5.853791,310,20,0,0
19611R,19611L,L21,L18+L21,4,150,18,90,19402,36.202496,5.853791,130,20,,0
19611S,19611L,L21,L18+L21,5,150,19,100,19402,36.202496,5.853791,240,20,,0
19611T,19611L,L21,L18+L21,6,150,20,110,19402,36.202496,5.853791,310,20,,0
19614M,19614L,L18,L18+L21,1,1680,69,380,19405,36.15225,5.684,50,20,0,2
19614N,19614L,L18,L18+L21,2,1680,70,390,19405,36.15225,5.684,180,20,0,0
19614O,19614L,L18,L18+L21,3,1680,71,400,19405,36.15225,5.684,300,20,0,0
19614R,19614L,L21,L18+L21,4,150,69,380,19405,36.15225,5.684,50,20,,0
19614S,19614L,L21,L18+L21,5,150,70,390,19405,36.15225,5.684,180,20,,0
19614T,19614L,L21,L18+L21,6,150,71,400,19405,36.15225,5.684,300,20,,0
19615M,19615L,L18,L18,1,1680,30,50,19405,36.11766,5.67167,10,13,0,3
19615N,19615L,L18,L18,2,1680,31,30,19405,36.11766,5.67167,170,13,0,0
19615O,19615L,L18,L18,3,1680,32,40,19405,36.11766,5.67167,270,13,0,0
19617M,19617L,L18,L18+L21,1,1680,36,190,19403,35.92101,5.30393,80,20,2,0
19617N,19617L,L18,L18+L21,2,1680,37,200,19403,35.92101,5.30393,180,20,1,0
19617O,19617L,L18,L18+L21,3,1680,38,210,19403,35.92101,5.30393,290,20,0,0
19617R,19617L,L21,L18+L21,4,150,36,190,19403,35.92101,5.30393,80,20,,0
19617S,19617L,L21,L18+L21,5,150,37,492,19403,35.92101,5.30393,180,20,,0
19617T,19617L,L21,L18+L21,6,150,38,210,19403,35.92101,5.30393,290,20,,0
19618M,19618L,L18,L18+L21,1,1680,48,240,19403,35.956944,5.297778,0,32,2,4
19618N,19618L,L18,L18+L21,2,1680,49,220,19403,35.956944,5.297778,100,32,1,4
19618O,19618L,L18,L18+L21,3,1680,50,230,19403,35.956944,5.297778,190,32,0,1.5
19618R,19618L,L21,L18+L21,4,150,48,240,19403,35.956944,5.297778,0,32,,0
19618S,19618L,L21,L18+L21,5,150,49,220,19403,35.956944,5.297778,100,32,,0
19618T,19618L,L21,L18+L21,6,150,50,230,19403,35.956944,5.297778,190,32,,0
19620M,19620L,L18,L18,1,1680,3,80,19403,36.1997,5.26534,30,24,0,6
19620N,19620L,L18,L18,2,1680,4,90,19403,36.1997,5.26534,140,24,0,6
19620O,19620L,L18,L18,3,1680,5,100,19403,36.1997,5.26534,220,24,0,6
19621M,19621L,L18,L18,1,1680,36,60,19403,36.250278,5.11602,160,22,1,0
19621N,19621L,L18,L18,2,1680,37,70,19403,36.250278,5.11602,250,22,0,0
19621O,19621L,L18,L18,3,1680,38,80,19403,36.250278,5.11602,330,22,0,0
19622M,19622L,L18,L18+L21,1,1680,132,610,19403,36.18424,5.3072,40,15,0,0
19622N,19622L,L18,L18+L21,2,1680,133,620,19403,36.18424,5.3072,160,15,0,0
19622O,19622L,L18,L18+L21,3,1680,134,630,19403,36.18424,5.3072,260,15,1,2
19622R,19622L,L21,L18+L21,4,150,132,610,19403,36.18424,5.3072,40,15,,0
19622S,19622L,L21,L18+L21,5,150,133,620,19403,36.18424,5.3072,160,15,,0
19622T,19622L,L21,L18+L21,6,150,134,630,19403,36.18424,5.3072,260,15,,0
19624M,19624L,L18,L18,1,1680,42,190,19403,36.36554,5.50666,50,20,0,0
19624N,19624L,L18,L18,2,1680,43,200,19403,36.36554,5.50666,150,20,0,0
19624O,19624L,L18,L18,3,1680,44,210,19403,36.36554,5.50666,230,20,0,0
19625M,19625L,L18,L18+L21,1,1680,69,220,19403,36.36505,5.50114,40,18,0,6
19625N,19625L,L18,L18+L21,2,1680,70,230,19403,36.36505,5.50114,160,18,0,0
19625O,19625L,L18,L18+L21,3,1680,71,240,19403,36.36505,5.50114,320,18,0,0
19625R,19625L,L21,L18+L21,4,150,69,220,19403,36.36505,5.50114,40,18,,0
19625S,19625L,L21,L18+L21,5,150,70,230,19403,36.36505,5.50114,160,18,,0
19625T,19625L,L21,L18+L21,6,150,71,240,19403,36.36505,5.50114,320,18,,0
19630M,19630L,L18,L18+L21,1,1680,30,70,19405,35.7609,5.20964,60,18,,0
19630N,19630L,L18,L18+L21,2,1680,31,80,19405,35.7609,5.20964,240,18,,0
19630O,19630L,L18,L18+L21,3,1680,32,90,19405,35.7609,5.20964,320,18,,0
19630R,19630L,L21,L18+L21,4,150,30,70,19405,35.7609,5.20964,60,18,,0
19630S,19630L,L21,L18+L21,5,150,31,80,19405,35.7609,5.20964,240,18,,0
19630T,19630L,L21,L18+L21,6,150,32,90,19405,35.7609,5.20964,320,18,,0
19633M,19633L,L18,L18,1,1680,459,250,19405,35.856781,5.3656,80,17,0,0
19633N,19633L,L18,L18,2,1680,460,260,19405,35.856781,5.3656,270,17,0,0
19634M,19634L,L18,L18,1,1680,294,220,19403,36.33491,5.23597,10,39,-2,0
19634N,19634L,L18,L18,2,1680,295,200,19403,36.33491,5.23597,120,39,0,0
19634O,19634L,L18,L18,3,1680,296,210,19403,36.33491,5.23597,270,39,0,0
19636M,19636L,L18,L18,1,1680,93,90,19403,36.504082,5.03419,140,12,2,0
19636N,19636L,L18,L18,2,1680,94,100,19403,36.504082,5.03419,240,12,0,0
19637M,19637L,L18,L18,1,1680,9,260,19403,36.4537,5.09662,50,18,,0
19637N,19637L,L18,L18,2,1680,10,270,19403,36.4537,5.09662,150,18,,0
19637O,19637L,L18,L18,3,1680,11,280,19403,36.4537,5.09662,260,18,,0
19638M,19638L,L18,L18,1,1680,96,10,19403,36.43111,4.992778,0,16,0,0
19638N,19638L,L18,L18,2,1680,97,0,19403,36.43111,4.992778,240,16,0,0
19640M,19640L,L18,L18,1,1680,45,10,19403,36.46696,4.86614,50,23,3,0
19640N,19640L,L18,L18,2,1680,46,20,19403,36.46696,4.86614,170,23,0,0
19640O,19640L,L18,L18,3,1680,47,30,19403,36.46696,4.86614,270,23,0,3
19642M,19642L,L18,L18,1,1680,234,60,19403,36.411667,4.888889,100,22,0,0
19642N,19642L,L18,L18,2,1680,235,70,19403,36.411667,4.888889,240,22,0,0
19642O,19642L,L18,L18,3,1680,236,80,19403,36.411667,4.888889,330,22,0,0
19643M,19643L,L18,L18,1,1680,102,110,19403,36.4433,4.97078,60,12,0,0
19643N,19643L,L18,L18,2,1680,103,120,19403,36.4433,4.97078,280,12,2,0
19644M,19644L,L18,L18+L21,1,1680,45,119,19403,36.0354,5.33872,100,18,2,0
19644N,19644L,L18,L18+L21,2,1680,46,129,19403,36.0354,5.33872,230,18,2,0
19644O,19644L,L18,L18+L21,3,1680,47,139,19403,36.0354,5.33872,350,18,2,0
19644R,19644L,L21,L18+L21,4,150,45,119,19403,36.0354,5.33872,100,18,,0
19644S,19644L,L21,L18+L21,5,150,46,129,19403,36.0354,5.33872,230,18,,0
19644T,19644L,L21,L18+L21,6,150,47,139,19403,36.0354,5.33872,350,18,,0
19646M,19646L,L18,L18,1,1680,9,130,34401,35.89761,5.20568,41,20,10,0
19646N,19646L,L18,L18,2,1680,10,140,34401,35.89761,5.20568,260,20,3,0
19647M,19647L,L18,L18,1,1680,15,240,34401,35.921947,5.141667,60,21,0,0
19647N,19647L,L18,L18,2,1680,16,250,34401,35.921947,5.141667,180,21,0,0
19647O,19647L,L18,L18,3,1680,17,260,34401,35.921947,5.141667,310,21,,0
19649M,19649L,L18,L18,1,1680,303,150,19405,35.80708,5.15555,100,10,4,0
19649N,19649L,L18,L18,2,1680,304,160,19405,35.80708,5.15555,190,10,4,0
19649O,19649L,L18,L18,3,1680,305,170,19405,35.80708,5.15555,280,10,4,0
19650M,19650L,L18,L18,1,1680,330,500,19405,36.15731,5.69343,80,19,4,2
19650N,19650L,L18,L18,2,1680,331,510,19405,36.15731,5.69343,180,19,6,5
19650O,19650L,L18,L18,3,1680,332,520,19405,36.15731,5.69343,280,19,6,2
19651M,19651L,L18,L18,1,1680,36,390,19404,36.151112,5.706667,60,20,0,4
19651N,19651L,L18,L18,2,1680,37,400,19404,36.151112,5.706667,150,20,0,4
19651O,19651L,L18,L18,3,1680,38,410,19404,36.151112,5.706667,240,20,0,4
19652M,19652L,L18,L18+L21,1,1680,39,490,19405,36.14502,5.6816,5,20,0,0
19652N,19652L,L18,L18+L21,2,1680,40,480,19405,36.14502,5.6816,160,20,0,2
19652O,19652L,L18,L18+L21,3,1680,41,470,19405,36.14502,5.6816,210,20,0,4
19652R,19652L,L21,L18+L21,4,150,39,490,19405,36.14502,5.6816,5,20,,0
19652S,19652L,L21,L18+L21,5,150,40,480,19405,36.14502,5.6816,160,20,,0
19652T,19652L,L21,L18+L21,6,150,41,470,19405,36.14502,5.6816,210,20,,0
19653M,19653L,L18,L18,1,1680,426,800,19402,36.18811,5.40271,190,17,2,6
19653N,19653L,L18,L18,2,1680,427,810,19402,36.18811,5.40271,280,17,2,6
19655M,19655L,L18,L18+L21,1,1680,135,380,19402,36.19509,5.42697,30,22,0,2
19655N,19655L,L18,L18+L21,2,1680,136,390,19402,36.19509,5.42697,120,30,0,4
19655O,19655L,L18,L18+L21,3,1680,137,400,19402,36.19509,5.42697,300,30,0,2
19655R,19655L,L21,L18+L21,4,150,135,380,19405,36.19509,5.42697,30,20,,0
19655S,19655L,L21,L18+L21,5,150,136,390,19405,36.19509,5.42697,120,30,,0
19655T,19655L,L21,L18+L21,6,150,137,400,19405,36.19509,5.42697,300,30,,0
19657M,19657L,L18,L18+L21,1,1680,27,0,19402,36.194583,5.392694,30,20,0,0
19657N,19657L,L18,L18+L21,2,1680,28,10,19402,36.194583,5.392694,270,20,0,3
19657R,19657L,L21,L18+L21,4,150,27,0,19402,36.194583,5.392694,30,20,,0
19657S,19657L,L21,L18+L21,5,150,28,10,19402,36.194583,5.392694,270,20,,0
19658M,19658L,L18,L18+L21,1,1680,201,290,19403,36.3325,5.0886,0,20,,0
19658N,19658L,L18,L18+L21,2,1680,202,270,19403,36.3325,5.0886,110,20,,0
19658O,19658L,L18,L18+L21,3,1680,203,280,19403,36.3325,5.0886,260,20,,0
19658R,19658L,L21,L18+L21,4,150,201,290,19403,36.3325,5.0886,0,20,,0
19658S,19658L,L21,L18+L21,5,150,202,270,19403,36.3325,5.0886,110,20,,0
19658T,19658L,L21,L18+L21,6,150,203,280,19403,36.3325,5.0886,260,20,,0
19661M,19661L,L18,L18,1,1680,6,190,19405,36.007038,5.71861,80,25,0,0
19661N,19661L,L18,L18,2,1680,7,200,19405,36.007038,5.71861,180,25,0,0
19661O,19661L,L18,L18,3,1680,8,210,19405,36.007038,5.71861,270,25,3,0
19662M,19662L,L18,L18,1,1680,474,70,19405,35.955559,5.97358,110,23,4,0
19662N,19662L,L18,L18,2,1680,475,80,19405,35.955559,5.97358,210,23,0,0
19662O,19662L,L18,L18,3,1680,476,90,19405,35.955559,5.97358,320,23,3,0
19663M,19663L,L18,L18,1,1680,87,0,19403,36.32512,5.06144,30,25,0,0
19663N,19663L,L18,L18,2,1680,88,10,19403,36.32512,5.06144,240,25,4,0
19663O,19663L,L18,L18,3,1680,89,20,19403,36.32512,5.06144,320,25,2,0
19665M,19665L,L18,L18+L21,1,1680,48,230,19402,36.20728,5.43904,20,25,0,2
19665N,19665L,L18,L18+L21,2,1680,49,210,19402,36.20728,5.43904,190,25,0,2
19665O,19665L,L18,L18+L21,3,1680,50,220,19402,36.20728,5.43904,260,25,0,2
19665R,19665L,L21,L18+L21,4,150,48,230,19402,36.20728,5.43904,20,25,,0
19665S,19665L,L21,L18+L21,5,150,49,210,19402,36.20728,5.43904,190,25,,0
19665T,19665L,L21,L18+L21,6,150,50,220,19402,36.20728,5.43904,260,25,,0
19666M,19666L,L18,L18,1,1680,126,360,19402,36.19267,5.38669,20,17,0,2
19666N,19666L,L18,L18,2,1680,127,340,19402,36.19267,5.38669,120,17,0,4
19666O,19666L,L18,L18,3,1680,128,350,19402,36.19267,5.38669,240,17,0,4
19667M,19667L,L18,L18+L21,1,1680,123,120,19402,36.17827,5.40947,30,25,0,6
19667N,19667L,L18,L18+L21,2,1680,124,130,19402,36.17827,5.40947,190,25,0,4
19667O,19667L,L18,L18+L21,3,1680,125,140,19402,36.17827,5.40947,330,25,0,6
19667R,19667L,L21,L18+L21,4,150,123,120,19402,36.17827,5.40947,30,25,,0
19667S,19667L,L21,L18+L21,5,150,124,130,19402,36.17827,5.40947,190,25,,0
19667T,19667L,L21,L18+L21,6,150,125,140,19402,36.17827,5.40947,330,25,,0
19668M,19668L,L18,L18,1,1680,138,650,19402,36.19938,5.41936,60,18,1,0
19668N,19668L,L18,L18,2,1680,139,660,19402,36.19938,5.41936,180,18,1,0
19668O,19668L,L18,L18,3,1680,140,670,19402,36.19938,5.41936,300,18,0,0
19669M,19669L,L18,L18+L21,1,1680,171,300,19402,36.18972,5.4424,60,21,0,6
19669N,19669L,L18,L18+L21,2,1680,172,310,19402,36.18972,5.4424,160,21,0,4
19669O,19669L,L18,L18+L21,3,1680,173,320,19402,36.18972,5.4424,300,21,0,6
19669R,19669L,L21,L18+L21,4,150,171,300,19402,36.18972,5.4424,60,21,,0
19669S,19669L,L21,L18+L21,5,150,172,310,19402,36.18972,5.4424,160,21,,0
19669T,19669L,L21,L18+L21,6,150,173,320,19402,36.18972,5.4424,300,21,,0
19671R,19671L,L21,L21,1,150,54,10,19403,36.3322,4.84101,100,17,,0
19671S,19671L,L21,L21,2,150,55,20,19403,36.3322,4.84101,200,17,,0
19671T,19671L,L21,L21,3,150,56,30,19403,36.3322,4.84101,300,17,,0
19672M,19672L,L18,L18,1,1680,45,50,19402,36.311111,5.728611,10,16,0,0
19672N,19672L,L18,L18,2,1680,46,30,19402,36.311111,5.728611,120,16,0,0
19672O,19672L,L18,L18,3,1680,47,40,19402,36.311111,5.728611,260,16,0,0
19673M,19673L,L18,L18,1,1680,90,230,19403,36.35434,5.02294,20,19,0,0
19673N,19673L,L18,L18,2,1680,91,210,19403,36.35434,5.02294,120,20,0,0
19673O,19673L,L18,L18,3,1680,92,220,19403,36.35434,5.02294,210,20,0,0
19675M,19675L,L18,L18+L21,1,1680,18,150,19405,35.976391,5.810833,0,18,0,0
19675N,19675L,L18,L18+L21,2,1680,19,130,19405,35.976391,5.810833,130,18,0,0
19675O,19675L,L18,L18+L21,3,1680,20,140,19405,35.976391,5.810833,280,18,0,0
19675R,19675L,L21,L18+L21,4,150,18,150,16406,35.976391,5.810833,0,18,,0
19675S,19675L,L21,L18+L21,5,150,19,130,16406,35.976391,5.810833,130,18,,0
19675T,19675L,L21,L18+L21,6,150,20,140,16406,35.976391,5.810833,280,18,,0
19676M,19676L,L18,L18,1,1680,450,450,19403,36.176273,5.336714,20,16,0,3
19676N,19676L,L18,L18,2,1680,451,430,19403,36.176273,5.336714,140,16,0,6
19676O,19676L,L18,L18,3,1680,452,440,19403,36.176273,5.336714,240,16,0,6
19677R,19677L,L21,L21,4,150,72,50,19403,36.253911,5.266038,0,18,,0
19677S,19677L,L21,L21,5,150,73,30,19403,36.253911,5.266038,120,18,,0
19677T,19677L,L21,L21,6,150,74,40,19403,36.253911,5.266038,270,18,,0
19679M,19679L,L18,L18,1,1680,228,310,19405,36.16185,5.68953,0,18,2,4
19679N,19679L,L18,L18,2,1680,229,290,19405,36.16185,5.68953,120,18,0,4
19679O,19679L,L18,L18,3,1680,230,300,19405,36.16185,5.68953,240,18,0,1
19680M,19680L,L18,L18+L21,1,1680,48,710,19405,36.14475,5.70612,0,22,1,2
19680N,19680L,L18,L18+L21,2,1680,49,720,19405,36.14475,5.70612,120,22,0,2
19680O,19680L,L18,L18+L21,3,1680,50,730,19405,36.14475,5.70612,240,22,0,3
19680R,19680L,L21,L18+L21,4,150,48,710,19405,36.14475,5.70612,0,22,,0
19680S,19680L,L21,L18+L21,5,150,49,720,19405,36.14475,5.70612,120,22,,0
19680T,19680L,L21,L18+L21,6,150,50,730,19405,36.14475,5.70612,240,22,,0
19681M,19681L,L18,L18,1,1680,93,20,19405,36.15769,5.67614,0,21,0,6
19681N,19681L,L18,L18,2,1680,94,0,19405,36.15769,5.67614,120,21,0,6
19681O,19681L,L18,L18,3,1680,95,10,19405,36.15769,5.67614,240,21,0,6
19682M,19682L,L18,L18,1,1680,408,80,19405,36.139,5.69043,0,14,2,3
19682N,19682L,L18,L18,2,1680,409,60,19405,36.139,5.69043,120,14,2,0
19682O,19682L,L18,L18,3,1680,410,70,19405,36.139,5.69043,240,14,2,2
19684M,19684L,L18,L18,1,1680,495,80,19402,36.2562,5.78264,20,28,2,0
19684N,19684L,L18,L18,2,1680,496,60,19402,36.2562,5.78264,190,28,2,0
19684O,19684L,L18,L18,3,1680,497,70,19402,36.2562,5.78264,280,28,2,0
19686M,19686L,L18,L18,1,1680,51,430,19405,36.1523,5.75822,10,16,0,0
19686N,19686L,L18,L18,2,1680,52,410,19405,36.1523,5.75822,110,16,0,0
19686O,19686L,L18,L18,3,1680,53,420,19405,36.1523,5.75822,270,16,0,0
19691M,19691L,L18,L18+L21,1,1680,150,670,19402,36.19969,5.40266,90,21,1,4
19691N,19691L,L18,L18+L21,2,1680,151,680,19402,36.19969,5.40266,190,21,2,6
19691O,19691L,L18,L18+L21,3,1680,152,690,19402,36.19969,5.40266,310,21,0,4
19691R,19691L,L21,L18+L21,4,150,150,670,19402,36.19969,5.40266,90,21,,0
19691S,19691L,L21,L18+L21,5,150,151,680,19402,36.19969,5.40266,190,21,,0
19691T,19691L,L21,L18+L21,6,150,152,690,19402,36.19969,5.40266,310,21,,0
19695M,19695L,L18,L18,1,1680,309,120,19403,36.51,5.15161,40,10,1,1
19695N,19695L,L18,L18,2,1680,310,130,19403,36.51,5.15161,180,10,0,5
19695O,19695L,L18,L18,3,1680,311,140,19403,36.51,5.15161,280,10,1,3
19696M,19696L,L18,L18,1,1680,36,30,19403,36.4417,5.46764,80,20,2,0
19696N,19696L,L18,L18,2,1680,37,40,19403,36.4417,5.46764,180,20,0,0
19696O,19696L,L18,L18,3,1680,38,50,19403,36.4417,5.46764,300,20,0,0
19698M,19698L,L18,L18,1,1680,45,10,19403,36.42781,5.53429,0,18,0,0
19698N,19698L,L18,L18,2,1680,46,0,19403,36.42781,5.53429,180,18,0,0
19704M,19704L,L18,L18,1,1680,30,50,19403,36.39716,4.984487,0,19,3,0
19704N,19704L,L18,L18,2,1680,31,30,19403,36.39716,4.984487,160,19,2,0
19704O,19704L,L18,L18,3,1680,32,40,19403,36.39716,4.984487,250,19,0,0
19705M,19705L,L18,L18,1,1680,48,180,19403,36.397869,5.075022,90,16,0,0
19705N,19705L,L18,L18,2,1680,49,190,19403,36.397869,5.075022,260,16,0,0
19706M,19706L,L18,L18,1,1680,66,130,19403,36.04767,5.3947,60,60,3,0
19706N,19706L,L18,L18,2,1680,67,140,19403,36.04767,5.3947,240,60,3,0
19707M,19707L,L18,L18,1,1680,42,40,19403,35.985374,5.183623,80,23,3,2
19707N,19707L,L18,L18,2,1680,43,50,19403,35.985374,5.183623,200,23,0,0
19707O,19707L,L18,L18,3,1680,44,60,19403,35.985374,5.183623,300,23,0,1.5
19713M,19713L,L18,L18,1,1680,18,30,19403,36.169998,5.233333,90,21,3,3
19713N,19713L,L18,L18,2,1680,19,40,19403,36.169998,5.233333,160,21,0,5
19713O,19713L,L18,L18,3,1680,20,50,19403,36.169998,5.233333,270,21,0,6
19715M,19715L,L18,L18,1,1680,168,340,19402,36.20815,5.43174,100,23,0,2
19715N,19715L,L18,L18,2,1680,169,350,19402,36.20815,5.43174,220,23,0,4
19715O,19715L,L18,L18,3,1680,170,360,19402,36.20815,5.43174,320,23,0,6
19717M,19717L,L18,L18+L21,1,1680,117,410,19405,36.15491,5.67494,60,22,0,6
19717N,19717L,L18,L18+L21,2,1680,118,420,19405,36.15491,5.67494,180,22,0,6
19717O,19717L,L18,L18+L21,3,1680,119,430,19405,36.15491,5.67494,300,22,0,2
19717R,19717L,L21,L18+L21,4,150,117,410,19405,36.15491,5.67494,60,22,,0
19717S,19717L,L21,L18+L21,5,150,118,420,19405,36.15491,5.67494,180,22,,0
19717T,19717L,L21,L18+L21,6,150,119,430,19405,36.15491,5.67494,300,22,,0
19720M,19720L,L18,L18,1,1680,384,330,19403,35.92191,5.28434,30,36,4,0
19720N,19720L,L18,L18,2,1680,385,340,19403,35.92191,5.28434,180,36,4,0
19720O,19720L,L18,L18,3,1680,386,350,19403,35.92191,5.28434,290,36,2,0
19721M,19721L,L18,L18+L21,1,1680,174,160,19402,36.18825,5.40591,120,23,2.6,4
19721N,19721L,L18,L18+L21,2,1680,175,170,19402,36.18825,5.40591,250,23,3,4
19721O,19721L,L18,L18+L21,3,1680,176,180,19402,36.18825,5.40591,350,23,0,4
19721R,19721L,L21,L18+L21,4,150,174,160,19402,36.18825,5.40591,120,23,,0
19721S,19721L,L21,L18+L21,5,150,175,170,19402,36.18825,5.40591,250,23,,0
19721T,19721L,L21,L18+L21,6,150,176,180,19402,36.18825,5.40591,350,23,,0
19722M,19722L,L18,L18,1,1680,72,350,19402,36.20246,5.44213,10,22,0,3
19722N,19722L,L18,L18,2,1680,73,330,19402,36.20246,5.44213,160,22,0,0
19722O,19722L,L18,L18,3,1680,74,340,19402,36.20246,5.44213,270,22,0,3
19723M,19723L,L18,L18+L21,1,1680,39,230,19405,35.81286,5.50099,10,20,1,2
19723N,19723L,L18,L18+L21,2,1680,40,210,19405,35.81286,5.50099,140,20,0,0
19723O,19723L,L18,L18+L21,3,1680,41,220,19405,35.81286,5.50099,260,20,1,2
19723R,19723L,L21,L18+L21,4,150,39,230,19405,35.81286,5.50099,10,20,,0
19723S,19723L,L21,L18+L21,5,150,40,210,19405,35.81286,5.50099,140,20,,0
19723T,19723L,L21,L18+L21,6,150,41,220,19405,35.81286,5.50099,260,20,,0
19725M,19725L,L18,L18,1,1680,54,730,19405,36.16695,5.68432,0,20,1,0
19725N,19725L,L18,L18,2,1680,55,710,19405,36.16695,5.68432,170,20,0,3
19725O,19725L,L18,L18,3,1680,56,720,19405,36.16695,5.68432,230,20,1,2
19726M,19726L,L18,L18,1,1680,336,280,19403,36.14384,5.32599,80,22,-4,0
19726N,19726L,L18,L18,2,1680,337,290,19403,36.14384,5.32599,240,22,-4,0
19726O,19726L,L18,L18,3,1680,338,300,19403,36.14384,5.32599,340,22,-4,0
19727M,19727L,L18,L18+L21,1,1680,21,160,19403,36.34187,5.47434,30,30,-2,4
19727N,19727L,L18,L18+L21,2,1680,22,170,19403,36.34187,5.47434,140,30,0,3
19727O,19727L,L18,L18+L21,3,1680,23,180,19403,36.34187,5.47434,250,30,0,4
19727R,19727L,L21,L18+L21,4,150,21,160,19403,36.34187,5.47434,30,30,,0
19727S,19727L,L21,L18+L21,5,150,22,170,19403,36.34187,5.47434,140,30,,0
19727T,19727L,L21,L18+L21,6,150,23,180,19403,36.34187,5.47434,250,30,,0
19728M,19728L,L18,L18+L21,1,1680,132,690,19405,36.15922,5.70478,0,20,0,5
19728N,19728L,L18,L18+L21,2,1680,133,700,19405,36.15922,5.70478,140,20,0,5
19728O,19728L,L18,L18+L21,3,1680,134,710,19405,36.15922,5.70478,280,20,0,6
19728R,19728L,L21,L18+L21,4,150,132,690,19405,36.15922,5.70478,0,20,,0
19728S,19728L,L21,L18+L21,5,150,133,700,19405,36.15922,5.70478,120,20,,0
19728T,19728L,L21,L18+L21,6,150,134,710,19405,36.15922,5.70478,240,20,,0
19734M,19734L,L18,L18,1,1680,36,40,19403,36.492779,5.103889,200,21,0,6
19734N,19734L,L18,L18,2,1680,37,50,19403,36.492779,5.103889,310,21,0,6
19737M,19737L,L18,L18,1,1680,315,150,19402,36.188488,5.448022,0,25,2,2
19737N,19737L,L18,L18,2,1680,316,130,19402,36.188488,5.448022,110,25,2,0
19737O,19737L,L18,L18,3,1680,317,140,19402,36.188488,5.448022,220,25,2,0
19739M,19739L,L18,L18+L21,1,1680,42,650,19405,36.17128,5.66539,0,17,0,0
19739N,19739L,L18,L18+L21,2,1680,43,630,19405,36.17128,5.66539,120,17,0,0
19739O,19739L,L18,L18+L21,3,1680,44,640,19405,36.17128,5.66539,240,17,0,0
19739R,19739L,L21,L18+L21,4,150,42,650,19405,36.17128,5.66539,0,17,,0
19739S,19739L,L21,L18+L21,5,150,43,630,19405,36.17128,5.66539,120,17,,0
19739T,19739L,L21,L18+L21,6,150,44,640,19405,36.17128,5.66539,240,17,,0
19740M,19740L,L18,L18,1,1680,36,430,19402,36.199142,5.448963,50,25,1,2
19740N,19740L,L18,L18,2,1680,37,440,19402,36.199142,5.448963,190,25,1,2
19740O,19740L,L18,L18,3,1680,38,450,19402,36.199142,5.448963,320,25,0,2
19742M,19742L,L18,L18+L21,1,1680,147,760,19402,36.1925,5.41486,0,20,0,6
19742N,19742L,L18,L18+L21,2,1680,148,740,19402,36.1925,5.41486,120,20,0,6
19742O,19742L,L18,L18+L21,3,1680,149,750,19402,36.1925,5.41486,240,20,0,6
19742R,19742L,L21,L18+L21,4,150,147,760,19402,36.1925,5.41486,0,20,,0
19742S,19742L,L21,L18+L21,5,150,148,740,19402,36.1925,5.41486,120,20,,0
19742T,19742L,L21,L18+L21,6,150,149,750,19402,36.1925,5.41486,240,20,,0
19743M,19743L,L18,L18+L21,1,1680,33,70,19402,36.19316,5.36214,10,26,0,3
19743N,19743L,L18,L18+L21,2,1680,34,50,19402,36.19316,5.36214,90,26,6,4
19743O,19743L,L18,L18+L21,3,1680,35,60,19402,36.19316,5.36214,240,26,0,3
19743R,19743L,L21,L18+L21,4,150,33,70,19402,36.19316,5.36214,10,26,,0
19743S,19743L,L21,L18+L21,5,150,34,50,19402,36.19316,5.36214,90,26,,0
19743T,19743L,L21,L18+L21,6,150,35,60,19402,36.19316,5.36214,240,26,,0
19744M,19744L,L18,L18+L21,1,1680,144,270,19403,36.18763,5.32029,0,20,2,0
19744N,19744L,L18,L18+L21,2,1680,145,250,19403,36.18763,5.32029,120,20,0,0
19744O,19744L,L18,L18+L21,3,1680,146,260,19403,36.18763,5.32029,240,20,2,2
19744R,19744L,L21,L18+L21,4,150,144,270,19403,36.18763,5.32029,0,20,,0
19744S,19744L,L21,L18+L21,5,150,145,250,19403,36.18763,5.32029,120,20,,0
19744T,19744L,L21,L18+L21,6,150,146,260,19403,36.18763,5.32029,240,20,,0
19747M,19747L,L18,L18,1,1680,96,420,19402,36.22033,5.44335,60,32,0,0
19747N,19747L,L18,L18,2,1680,97,430,19402,36.22033,5.44335,210,32,0,0
19747O,19747L,L18,L18,3,1680,98,440,19402,36.22033,5.44335,280,32,0,0
19749M,19749L,L18,L18,1,1680,48,120,19405,35.82598,5.50811,20,17,1,2
19749N,19749L,L18,L18,2,1680,49,100,19405,35.82598,5.50811,140,17,5,2
19749O,19749L,L18,L18,3,1680,50,110,19405,35.82598,5.50811,240,17,0,2
19750M,19750L,L18,L18,1,1680,141,250,19405,36.15275,5.6895,0,30,0,6
19750N,19750L,L18,L18,2,1680,142,230,19405,36.15275,5.6895,120,30,0,6
19750O,19750L,L18,L18,3,1680,143,240,19405,36.15275,5.6895,260,30,0,4
19751M,19751L,L18,L18,1,1680,432,620,19405,36.1601,5.69896,0,20,2,6
19751N,19751L,L18,L18,2,1680,433,600,19405,36.1601,5.69896,120,20,2,6
19751O,19751L,L18,L18,3,1680,434,610,19405,36.1601,5.69896,240,20,2,6
19752M,19752L,L18,L18,1,1680,57,680,19405,36.15984,5.67195,0,22,0,4
19752N,19752L,L18,L18,2,1680,58,660,19405,36.15984,5.67195,120,22,0,4
19752O,19752L,L18,L18,3,1680,59,670,19405,36.15984,5.67195,240,22,0,4
19754M,19754L,L18,L18+L21,1,1680,102,60,19403,36.36959,5.50786,80,13,0,6
19754N,19754L,L18,L18+L21,2,1680,103,70,19403,36.36959,5.50786,170,13,0,5
19754O,19754L,L18,L18+L21,3,1680,104,80,19403,36.36959,5.50786,270,13,0,4
19754R,19754L,L21,L18+L21,4,150,102,60,19403,36.36959,5.50786,80,13,,0
19754S,19754L,L21,L18+L21,5,150,103,70,19403,36.36959,5.50786,170,13,,0
19754T,19754L,L21,L18+L21,6,150,104,80,19403,36.36959,5.50786,270,13,,0
19760M,19760L,L18,L18+L21,1,1680,153,790,19402,36.14021,5.44717,0,20,0,4
19760N,19760L,L18,L18+L21,2,1680,154,770,19402,36.14021,5.44717,160,20,0,4
19760O,19760L,L18,L18+L21,3,1680,155,780,19402,36.14021,5.44717,250,20,0,4
19760R,19760L,L21,L18+L21,4,150,153,790,19402,36.14021,5.44717,0,20,,0
19760S,19760L,L21,L18+L21,5,150,154,770,19402,36.14021,5.44717,160,20,,0
19760T,19760L,L21,L18+L21,6,150,155,780,19402,36.14021,5.44717,250,20,,0
19761M,19761L,L18,L18,1,1680,348,30,19405,36.13511,5.84087,40,20,0,0
19761N,19761L,L18,L18,2,1680,349,40,19405,36.13511,5.84087,160,20,2,0
19761O,19761L,L18,L18,3,1680,350,50,19405,36.13511,5.84087,260,20,2,0
19764M,19764L,L18,L18,1,1680,156,270,19403,36.01727,5.36586,10,16,0,2
19764N,19764L,L18,L18,2,1680,157,250,19403,36.01727,5.36586,140,16,0,1
19764O,19764L,L18,L18,3,1680,158,260,19403,36.01727,5.36586,220,16,0,1
19769M,19769L,L18,L18,1,1680,63,110,19402,36.08073,5.46759,0,22,0,0
19769N,19769L,L18,L18,2,1680,64,90,19402,36.08073,5.46759,120,22,0,3
19769O,19769L,L18,L18,3,1680,65,100,19402,36.08073,5.46759,220,22,0,0
19772M,19772L,L18,L18+L21,1,1680,15,120,19403,36.3858,5.40908,60,25,4,6
19772N,19772L,L18,L18+L21,2,1680,16,130,19403,36.3858,5.40908,150,25,4,6
19772O,19772L,L18,L18+L21,3,1680,17,140,19403,36.3858,5.40908,340,25,4,6
19772R,19772L,L21,L18+L21,4,150,15,120,19403,36.3858,5.40908,60,25,,0
19772S,19772L,L21,L18+L21,5,150,16,130,19403,36.3858,5.40908,150,25,,0
19772T,19772L,L21,L18+L21,6,150,17,140,19403,36.3858,5.40908,340,25,,0
19773M,19773L,L18,L18+L21,1,1680,51,100,19403,35.91237,5.2885,30,22,0,3
19773N,19773L,L18,L18+L21,2,1680,52,110,19403,35.91237,5.2885,140,22,0,4
19773O,19773L,L18,L18+L21,3,1680,53,120,19403,35.91237,5.2885,260,22,0,2
19773R,19773L,L21,L18+L21,4,150,51,100,19403,35.91237,5.2885,30,22,,0
19773S,19773L,L21,L18+L21,5,150,52,110,19403,35.91237,5.2885,140,22,,0
19773T,19773L,L21,L18+L21,6,150,53,120,19403,35.91237,5.2885,260,22,,0
19774M,19774L,L18,L18,1,1680,54,270,19403,35.93,5.30105,80,22,0,0
19774N,19774L,L18,L18,2,1680,55,280,19403,35.93,5.30105,170,22,1,4
19774O,19774L,L18,L18,3,1680,56,290,19403,35.93,5.30105,270,22,1,4
19775M,19775L,L18,L18+L21,1,1680,66,370,19405,36.16369,5.69478,0,22,1,2
19775N,19775L,L18,L18+L21,2,1680,67,350,19405,36.16369,5.69478,140,22,0,4
19775O,19775L,L18,L18+L21,3,1680,68,360,19405,36.16369,5.69478,250,22,0,3
19775R,19775L,L21,L18+L21,4,150,66,370,19405,36.16369,5.69478,0,22,,0
19775S,19775L,L21,L18+L21,5,150,67,350,19405,36.16369,5.69478,140,22,,0
19775T,19775L,L21,L18+L21,6,150,68,360,19405,36.16369,5.69478,250,22,,0
19776M,19776L,L18,L18+L21,1,1680,72,190,19405,36.16368,5.67744,0,21,0,2
19776N,19776L,L18,L18+L21,2,1680,73,170,19405,36.16368,5.67744,120,21,0,4
19776O,19776L,L18,L18+L21,3,1680,74,180,19405,36.16368,5.67744,240,21,0,2
19776R,19776L,L21,L18+L21,4,150,72,190,19405,36.16368,5.67744,0,21,,0
19776S,19776L,L21,L18+L21,5,150,73,170,19405,36.16368,5.67744,120,21,,0
19776T,19776L,L21,L18+L21,6,150,74,180,19405,36.16368,5.67744,240,21,,0
19777M,19777L,L18,L18+L21,1,1680,27,280,19405,36.14712,5.67292,0,30,0,2
19777N,19777L,L18,L18+L21,2,1680,28,260,19405,36.14712,5.67292,110,30,0,3
19777O,19777L,L18,L18+L21,3,1680,29,270,19405,36.14712,5.67292,300,30,0,2
19777R,19777L,L21,L18+L21,4,150,27,280,19405,36.14712,5.67292,0,30,,0
19777S,19777L,L21,L18+L21,5,150,28,260,19405,36.14712,5.67292,110,30,,0
19777T,19777L,L21,L18+L21,6,150,29,270,19405,36.14712,5.67292,300,30,,0
19778M,19778L,L18,L18+L21,1,1680,120,250,19402,36.21062,5.4429,30,23,0,2
19778N,19778L,L18,L18+L21,2,1680,121,260,19402,36.21062,5.4429,160,23,0,4
19778O,19778L,L18,L18+L21,3,1680,122,270,19402,36.21062,5.4429,280,23,0,5
19778R,19778L,L21,L18+L21,4,150,120,250,19402,36.21062,5.4429,30,23,,0
19778S,19778L,L21,L18+L21,5,150,121,260,19402,36.21062,5.4429,160,23,,0
19778T,19778L,L21,L18+L21,6,150,122,270,19402,36.21062,5.4429,280,23,,0
19780M,19780L,L18,L18+L21,1,1680,483,60,19402,36.19517,5.4381,0,23,0,2
19780N,19780L,L18,L18+L21,2,1680,484,40,19402,36.19517,5.4381,120,23,0,4
19780O,19780L,L18,L18+L21,3,1680,485,50,19402,36.19517,5.4381,240,23,0,4
19780R,19780L,L21,L18+L21,4,150,483,60,19402,36.19517,5.4381,0,23,,0
19780S,19780L,L21,L18+L21,5,150,484,40,19402,36.19517,5.4381,120,23,,0
19780T,19780L,L21,L18+L21,6,150,485,50,19402,36.19517,5.4381,240,23,,0
19782M,19782L,L18,L18+L21,1,1680,12,80,19403,36.301,5.29497,0,13,0,0
19782N,19782L,L18,L18+L21,2,1680,13,60,19403,36.301,5.29497,120,13,0,0
19782O,19782L,L18,L18+L21,3,1680,14,70,19403,36.301,5.29497,220,13,0,0
19782R,19782L,L21,L18+L21,4,150,12,80,19403,36.301,5.29497,0,13,,0
19782S,19782L,L21,L18+L21,5,150,13,60,19403,36.301,5.29497,120,13,,0
19782T,19782L,L21,L18+L21,6,150,14,70,19403,36.301,5.29497,220,13,,0
19783M,19783L,L18,L18+L21,1,1680,27,60,19403,36.430557,5.356945,120,28,4,5
19783N,19783L,L18,L18+L21,2,1680,28,70,19403,36.430557,5.356945,180,28,4,5
19783O,19783L,L18,L18+L21,3,1680,29,80,19403,36.430557,5.356945,250,28,4,5
19783R,19783L,L21,L18+L21,4,150,#N/A,#N/A,19403,36.430557,5.356945,120,28,,5
19783S,19783L,L21,L18+L21,5,150,#N/A,#N/A,19403,36.430557,5.356945,180,28,,5
19783T,19783L,L21,L18+L21,6,150,#N/A,#N/A,19403,36.430557,5.356945,250,28,,5
19784M,19784L,L18,L18+L21,1,1680,105,580,19403,36.28277,5.40572,50,17,0,6
19784N,19784L,L18,L18+L21,2,1680,106,590,19403,36.28277,5.40572,180,17,0,6
19784O,19784L,L18,L18+L21,3,1680,107,600,19403,36.28277,5.40572,320,17,0,2
19784R,19784L,L21,L18+L21,4,150,105,580,19403,36.28277,5.40572,50,17,,0
19784S,19784L,L21,L18+L21,5,150,106,590,19403,36.28277,5.40572,180,17,,0
19784T,19784L,L21,L18+L21,6,150,107,600,19403,36.28277,5.40572,320,17,,0
19787R,19787L,L21,L21,4,150,76,220,19405,35.81376,5.10064,10,27,,0
19787S,19787L,L21,L21,5,150,77,200,19405,35.81376,5.10064,110,27,,0
19787T,19787L,L21,L21,6,150,498,210,19405,35.81376,5.10064,270,27,,0
19789M,19789L,L18,L18+L21,1,1680,297,240,19403,36.335,5.18045,30,19,3,7
19789N,19789L,L18,L18+L21,2,1680,298,250,19403,36.335,5.18045,120,19,0,5
19789O,19789L,L18,L18+L21,3,1680,299,260,19403,36.335,5.18045,310,19,0,5
19789R,19789L,L21,L18+L21,4,150,297,240,19403,36.335,5.18045,30,19,,0
19789S,19789L,L21,L18+L21,5,150,298,250,19403,36.335,5.18045,120,19,,0
19789T,19789L,L21,L18+L21,6,150,299,260,19403,36.335,5.18045,310,19,,0
19790M,19790L,L18,L18,1,1680,162,600,19402,36.17807,5.45861,0,18,6,2
19790N,19790L,L18,L18,2,1680,163,580,19402,36.17807,5.45861,120,18,0,4
19790O,19790L,L18,L18,3,1680,164,590,19402,36.17807,5.45861,240,18,0,4
19796M,19796L,L18,L18,1,1680,66,60,19402,36.32198,5.63224,40,38,0,2
19796N,19796L,L18,L18,2,1680,67,70,19402,36.32198,5.63224,180,38,0,0
19799M,19799L,L18,L18+L21,1,1680,93,0,19403,36.28982,5.41009,140,27,0,2
19799N,19799L,L18,L18+L21,2,1680,94,10,19403,36.28982,5.41009,240,27,0,2
19799O,19799L,L18,L18+L21,3,1680,95,20,19403,36.28982,5.41009,350,27,0,0
19799R,19799L,L21,L18+L21,4,150,93,0,19403,36.28982,5.41009,140,27,,0
19799S,19799L,L21,L18+L21,5,150,94,10,19403,36.28982,5.41009,240,27,,0
19799T,19799L,L21,L18+L21,6,150,95,20,19403,36.28982,5.41009,350,27,,0
19639M,19639L,L18,L18,1,1680,#N/A,#N/A,19403,36.515,4.915,10,21,0,4
19639N,19639L,L18,L18,2,1680,#N/A,#N/A,19403,36.515,4.915,110,21,0,0
19639O,19639L,L18,L18,3,1680,#N/A,#N/A,19403,36.515,4.915,250,21,0,2
19639R,19639L,L18,L18,4,150,36,11,19403,36.515,4.915,10,21,0,4
19639S,19639L,L18,L18,5,150,37,21,19403,36.515,4.915,110,21,0,0
19639T,19639L,L18,L18,6,150,38,31,19403,36.515,4.915,250,21,0,2
